title,price_gbp
Boar Island (Anna Pigeon #19),59.48
A Year in Provence (Provence #1),56.88
The Past Never Ends,56.5
The Last Painting of Sara de Vos,55.55
A Flight of Arrows (The Pathfinders #2),55.53
Murder at the 42nd Street Library (Raymond Ambler #1),54.36
The Last Mile (Amos Decker #2),54.21
Tipping the Velvet,53.74
The Bachelor Girl's Guide to Murder (Herringford and Watts Mysteries #1),52.3
The Guernsey Literary and Potato Peel Pie Society,49.53
Full Moon over Noahâs Ark: An Odyssey to Mount Ararat and Beyond,49.43
See America: A Celebration of Our National Parks & Treasured Sites,48.87
A Time of Torment (Charlie Parker #14),48.35
Sharp Objects,47.82
Girl in the Blue Coat,46.83
Glory over Everything: Beyond The Kitchen House,45.84
It's Only the Himalayas,45.17
A Summer In Europe,44.34
The Murder of Roger Ackroyd (Hercule Poirot #4),44.1
The Exiled,43.45
While You Were Mine,41.32
A Paris Apartment,39.01
Neither Here nor There: Travels in Europe,38.95
In the Woods (Dublin Murder Squad #1),38.38
The Invention of Wings,37.34
Under the Tuscan Sun,37.33
The House by the Lake,36.95
Vagabonding: An Uncommon Guide to the Art of Long-Term World Travel,36.94
The Red Tent,35.66
Most Wanted,35.28
The Secret Healer,34.56
World Without End (The Pillars of the Earth #2),32.97
The Great Railway Bazaar,30.54
Mrs. Houdini,30.25
Forever and Forever: The Courtship of Henry Longfellow and Fanny Appleton,29.69
The Passion of Dolssa,28.32
The Marriage of Opposites,28.08
Lost Among the Living,27.7
The Widow,27.26
Poisonous (Max Revere Novels #3),26.8
Girl With a Pearl Earring,26.77
"1,000 Places to See Before You Die",26.08
Starlark,25.83
What Happened on Beale Street (Secrets of the South Mysteries #2),25.37
The Mysterious Affair at Styles (Hercule Poirot #1),24.8
The Road to Little Dribbling: Adventures of an American in Britain (Notes From a Small Island #2),23.21
The Silkworm (Cormoran Strike #2),23.05
Voyager (Outlander #3),21.07
Delivering the Truth (Quaker Midwife Mystery #1),20.89
Between Shades of Gray,20.79
"Love, Lies and Spies",20.55
